Model,Main_Accuracy,Micro F1,Macro F1
Logistic Regression,1.0,0.7777777777777778,0.25925925925925924
Naïve Bayes,1.0,0.7777777777777778,0.24691358024691357
Random Forest,1.0,0.75,0.2962962962962963
SGD,1.0,0.6,0.2641975308641975
SVM,1.0,0.7777777777777778,0.25925925925925924
